gender,content_type
남성,데이터분석
남성,데이터분석
남성,데이터분석
남성,데이터분석
남성,데이터분석
남성,데이터분석
남성,데이터분석
남성,데이터분석
남성,데이터분석
남성,데이터분석
남성,데이터분석
남성,데이터분석
남성,데이터분석
남성,데이터분석
남성,데이터분석
남성,데이터분석
남성,데이터분석
남성,데이터분석
남성,데이터분석
남성,데이터분석
남성,데이터분석
남성,데이터분석
남성,데이터분석
남성,데이터분석
남성,데이터분석
남성,데이터분석
남성,데이터분석
남성,데이터분석
남성,데이터분석
남성,데이터분석
남성,데이터분석
남성,데이터분석
남성,데이터분석
남성,데이터분석
남성,데이터분석
남성,데이터분석
남성,데이터분석
남성,데이터분석
남성,데이터분석
남성,데이터분석
남성,데이터분석
남성,데이터분석
남성,데이터분석
남성,데이터분석
남성,데이터분석
남성,데이터분석
남성,데이터분석
남성,데이터분석
남성,데이터분석
남성,데이터분석
남성,마케팅
남성,마케팅
남성,마케팅
남성,마케팅
남성,마케팅
남성,마케팅
남성,마케팅
남성,마케팅
남성,마케팅
남성,마케팅
남성,마케팅
남성,마케팅
남성,마케팅
남성,마케팅
남성,마케팅
남성,마케팅
남성,마케팅
남성,마케팅
남성,마케팅
남성,마케팅
남성,마케팅
남성,마케팅
남성,마케팅
남성,마케팅
남성,마케팅
남성,마케팅
남성,마케팅
남성,마케팅
남성,디자인
남성,디자인
남성,디자인
남성,디자인
남성,디자인
남성,디자인
남성,디자인
남성,디자인
남성,디자인
남성,디자인
남성,디자인
남성,디자인
남성,디자인
남성,디자인
남성,디자인
남성,디자인
남성,디자인
남성,디자인
남성,프로그래밍
남성,프로그래밍
남성,프로그래밍
남성,프로그래밍
남성,프로그래밍
남성,프로그래밍
남성,프로그래밍
남성,프로그래밍
남성,프로그래밍
남성,프로그래밍
남성,프로그래밍
남성,프로그래밍
남성,프로그래밍
남성,프로그래밍
남성,프로그래밍
남성,프로그래밍
남성,프로그래밍
남성,프로그래밍
남성,프로그래밍
남성,프로그래밍
남성,프로그래밍
남성,프로그래밍
남성,프로그래밍
남성,프로그래밍
남성,프로그래밍
남성,프로그래밍
남성,프로그래밍
남성,프로그래밍
남성,프로그래밍
남성,프로그래밍
남성,프로그래밍
남성,프로그래밍
남성,프로그래밍
남성,프로그래밍
남성,프로그래밍
남성,프로그래밍
남성,프로그래밍
남성,프로그래밍
남성,프로그래밍
남성,프로그래밍
남성,프로그래밍
남성,프로그래밍
남성,프로그래밍
남성,프로그래밍
남성,프로그래밍
남성,프로그래밍
남성,프로그래밍
남성,프로그래밍
남성,프로그래밍
남성,프로그래밍
남성,프로그래밍
남성,프로그래밍
남성,프로그래밍
남성,프로그래밍
여성,데이터분석
여성,데이터분석
여성,데이터분석
여성,데이터분석
여성,데이터분석
여성,데이터분석
여성,데이터분석
여성,데이터분석
여성,데이터분석
여성,데이터분석
여성,데이터분석
여성,데이터분석
여성,데이터분석
여성,데이터분석
여성,데이터분석
여성,데이터분석
여성,데이터분석
여성,데이터분석
여성,데이터분석
여성,데이터분석
여성,데이터분석
여성,데이터분석
여성,데이터분석
여성,데이터분석
여성,데이터분석
여성,데이터분석
여성,데이터분석
여성,데이터분석
여성,데이터분석
여성,데이터분석
여성,데이터분석
여성,데이터분석
여성,데이터분석
여성,데이터분석
여성,데이터분석
여성,데이터분석
여성,데이터분석
여성,데이터분석
여성,데이터분석
여성,데이터분석
여성,데이터분석
여성,데이터분석
여성,마케팅
여성,마케팅
여성,마케팅
여성,마케팅
여성,마케팅
여성,마케팅
여성,마케팅
여성,마케팅
여성,마케팅
여성,마케팅
여성,마케팅
여성,마케팅
여성,마케팅
여성,마케팅
여성,마케팅
여성,마케팅
여성,마케팅
여성,마케팅
여성,마케팅
여성,마케팅
여성,마케팅
여성,마케팅
여성,마케팅
여성,마케팅
여성,마케팅
여성,마케팅
여성,마케팅
여성,마케팅
여성,마케팅
여성,마케팅
여성,마케팅
여성,마케팅
여성,마케팅
여성,마케팅
여성,마케팅
여성,마케팅
여성,마케팅
여성,마케팅
여성,마케팅
여성,마케팅
여성,마케팅
여성,마케팅
여성,마케팅
여성,마케팅
여성,마케팅
여성,마케팅
여성,마케팅
여성,마케팅
여성,마케팅
여성,마케팅
여성,마케팅
여성,마케팅
여성,마케팅
여성,마케팅
여성,마케팅
여성,디자인
여성,디자인
여성,디자인
여성,디자인
여성,디자인
여성,디자인
여성,디자인
여성,디자인
여성,디자인
여성,디자인
여성,디자인
여성,디자인
여성,디자인
여성,디자인
여성,디자인
여성,디자인
여성,디자인
여성,디자인
여성,디자인
여성,디자인
여성,디자인
여성,디자인
여성,디자인
여성,디자인
여성,디자인
여성,디자인
여성,디자인
여성,디자인
여성,디자인
여성,디자인
여성,디자인
여성,디자인
여성,디자인
여성,디자인
여성,디자인
여성,디자인
여성,디자인
여성,디자인
여성,디자인
여성,디자인
여성,디자인
여성,디자인
여성,디자인
여성,디자인
여성,디자인
여성,디자인
여성,디자인
여성,디자인
여성,프로그래밍
여성,프로그래밍
여성,프로그래밍
여성,프로그래밍
여성,프로그래밍
여성,프로그래밍
여성,프로그래밍
여성,프로그래밍
여성,프로그래밍
여성,프로그래밍
여성,프로그래밍
여성,프로그래밍
여성,프로그래밍
여성,프로그래밍
여성,프로그래밍
여성,프로그래밍
여성,프로그래밍
여성,프로그래밍
여성,프로그래밍
여성,프로그래밍
여성,프로그래밍
여성,프로그래밍
여성,프로그래밍
여성,프로그래밍
여성,프로그래밍
여성,프로그래밍
여성,프로그래밍
여성,프로그래밍
여성,프로그래밍
여성,프로그래밍
여성,프로그래밍
여성,프로그래밍
여성,프로그래밍
여성,프로그래밍
여성,프로그래밍
